,Host Species,Strain Name
0,Flycatcher,A/African Stonechat/Vietnam/8/2009
1,Northern Pintail,A/American black duck/Newfoundland/GR679/2011
2,American Wigeon,A/American widgeon/Alaska/7MP1061/2007
3,American Wigeon,A/American widgeon/Alaska/7MP1061/2007
4,American Wigeon,A/American widgeon/Alaska/7MP1061/2007
5,American Wigeon,A/American widgeon/Alaska/7MP1061/2007
6,American Wigeon,A/American widgeon/Alaska/7MP1061/2007
7,American Wigeon,A/American widgeon/Alaska/7MP1061/2007
8,American Wigeon,A/American widgeon/Alaska/7MP1061/2007
9,American Wigeon,A/American widgeon/Alaska/7MP1061/2007
10,American Wigeon,A/American widgeon/Interior Alaska/1/2007
11,American Wigeon,A/American widgeon/Interior Alaska/1/2007
12,American Wigeon,A/American widgeon/Interior Alaska/1/2007
13,American Wigeon,A/American widgeon/Interior Alaska/1/2007
14,American Wigeon,A/American widgeon/Interior Alaska/1/2007
15,American Wigeon,A/American widgeon/Interior Alaska/1/2007
16,American Wigeon,A/American widgeon/Interior Alaska/1/2007
17,American Wigeon,A/American widgeon/Interior Alaska/1/2007
18,American Wigeon,A/American widgeon/Interior Alaska/7MP1707/2007
19,American Wigeon,A/American widgeon/Interior Alaska/7MP1707/2007
20,American Wigeon,A/American widgeon/Interior Alaska/7MP1707/2007
21,American Wigeon,A/American widgeon/Interior Alaska/7MP1707/2007
22,American Wigeon,A/American widgeon/Interior Alaska/7MP1707/2007
23,American Wigeon,A/American widgeon/Interior Alaska/7MP1707/2007
24,American Wigeon,A/American widgeon/Interior Alaska/7MP1707/2007
25,American Wigeon,A/American widgeon/Interior Alaska/7MP1707/2007
26,American Wigeon,A/American widgeon/Mississippi/11OS6073/2011
27,American Wigeon,A/American widgeon/Mississippi/11OS6073/2011
28,American Wigeon,A/American widgeon/Mississippi/11OS6073/2011
29,American Wigeon,A/American widgeon/Mississippi/11OS6073/2011
30,American Wigeon,A/American widgeon/Mississippi/11OS6073/2011
31,American Wigeon,A/American widgeon/Mississippi/11OS6073/2011
32,American Wigeon,A/American widgeon/Mississippi/11OS6073/2011
33,American Wigeon,A/American widgeon/Mississippi/11OS6073/2011
34,American Wigeon,A/American widgeon/Mississippi/11OS6097/2011
35,American Wigeon,A/American widgeon/Mississippi/11OS6097/2011
36,American Wigeon,A/American widgeon/Mississippi/11OS6097/2011
37,American Wigeon,A/American widgeon/Mississippi/11OS6097/2011
38,American Wigeon,A/American widgeon/Mississippi/11OS6097/2011
39,American Wigeon,A/American widgeon/Mississippi/11OS6097/2011
40,American Wigeon,A/American widgeon/Mississippi/11OS6097/2011
41,American Wigeon,A/American widgeon/Mississippi/11OS6097/2011
42,Northern Pintail,A/Anas acuta/Arizona/A00480052/2009
43,Northern Pintail,A/Anas acuta/New Mexico/A00629381/2008
44,American Wigeon,A/Anas americana/New Mexico/A00757078/2009
45,Green-Winged Teal,A/Anas carolinensis/Arizona/A00480494/2008
46,Green-Winged Teal,A/Anas carolinensis/New Mexico/A00704717/2008
47,Eurasian Teal,A/Anas crecca/Spain/1384/2007
48,Eurasian Teal,A/Anas crecca/Spain/1384/2007
49,Eurasian Teal,A/Anas crecca/Spain/1402/2007
50,Eurasian Teal,A/Anas crecca/Spain/1404/2007
51,Eurasian Teal,A/Anas crecca/Spain/1404/2007
52,Eurasian Teal,A/Anas crecca/Spain/1460/2008
53,Eurasian Teal,A/Anas crecca/Spain/1460/2008
54,Eurasian Teal,A/Anas crecca/Spain/1460/2008
55,Eurasian Teal,A/Anas crecca/Spain/1460/2008
56,Eurasian Teal,A/Anas crecca/Spain/1460/2008
57,Eurasian Teal,A/Anas crecca/Spain/1460/2008
58,Eurasian Teal,A/Anas crecca/Spain/1460/2008
59,Eurasian Teal,A/Anas crecca/Spain/1460/2008
60,Cinnamon Teal,A/Anas cyanoptera/New Mexico/A00440905/2008
61,Blue-Winged Teal,A/Anas discors/New Mexico/A00327376/2007
62,Blue-Winged Teal,A/Anas discors/New Mexico/A00327683/2007
63,Blue-Winged Teal,A/Anas discors/New Mexico/A00327689/2007
64,Blue-Winged Teal,A/Anas discors/New Mexico/A00327694/2007
65,Blue-Winged Teal,A/Anas discors/New Mexico/A00327695/2007
66,Blue-Winged Teal,A/Anas discors/New Mexico/A00327700/2007
67,Blue-Winged Teal,A/Anas discors/New Mexico/A00369794/2007
68,Blue-Winged Teal,A/Anas discors/New Mexico/A00629390/2008
69,Blue-Winged Teal,A/Anas discors/New Mexico/A00704709/2008
70,Blue-Winged Teal,A/Anas discors/New Mexico/A00706363/2008
71,Mallard,A/Anas plathyrhynchos/Spain/1197/2007
72,Mallard,A/Anas plathyrhynchos/Spain/1365/2007
73,Mallard,A/Anas plathyrhynchos/Spain/1365/2007
74,Mallard,A/Anas plathyrhynchos/Spain/1495/2008
75,Mallard,A/Anas plathyrhynchos/Spain/1502/2008
76,Mallard,A/Anas platyrhynchos/Belgium/12827/2007
77,Mallard,A/Anas platyrhynchos/Belgium/12827/2007
78,Mallard,A/Anas platyrhynchos/Belgium/12827/2007
79,Mallard,A/Anas platyrhynchos/Belgium/12827/2007
80,Mallard,A/Anas platyrhynchos/Belgium/12827/2007
81,Mallard,A/Anas platyrhynchos/Belgium/12827/2007
82,Mallard,A/Anas platyrhynchos/Belgium/12827/2007
83,Mallard,A/Anas platyrhynchos/Belgium/12827/2007
84,Duck,A/Anas platyrhynchos/Belgium/23852cls33/2012
85,Duck,A/Anas platyrhynchos/Belgium/23852cls33/2012
86,Duck,A/Anas platyrhynchos/Belgium/24311pcs5/2012
87,Duck,A/Anas platyrhynchos/Belgium/24311pcs5/2012
88,Duck,A/Anas platyrhynchos/Belgium/24311pcs5/2012
89,Duck,A/Anas platyrhynchos/Belgium/24311pcs5/2012
90,Duck,A/Anas platyrhynchos/Belgium/24311pcs5/2012
91,Duck,A/Anas platyrhynchos/Belgium/24311pcs5/2012
92,Duck,A/Anas platyrhynchos/Belgium/24311pcs5/2012
93,Duck,A/Anas platyrhynchos/Belgium/24311pcs5/2012
94,Duck,A/Anas platyrhynchos/Belgium/25576cls41/2012
95,Mallard,A/Anas platyrhynchos/New Mexico/A00287750/2008
96,Mallard,A/Anas platyrhynchos/New Mexico/A00443608/2008
97,Mallard,A/Anas platyrhynchos/Spain/1877/2009
98,Mallard,A/Anas platyrhynchos/Spain/1877/2009
99,Mallard,A/Anas platyrhynchos/Spain/1877/2009
100,Mallard,A/Anas platyrhynchos/Spain/1877/2009
101,Mallard,A/Anas platyrhynchos/Spain/1877/2009
102,Mallard,A/Anas platyrhynchos/Spain/1877/2009
103,Mallard,A/Anas platyrhynchos/Spain/1877/2009
104,Mallard,A/Anas platyrhynchos/Spain/1877/2009
105,Bird,A/avian/Israel/543/2008
106,Bird,A/avian/Israel/543/2008
107,Bird,A/avian/Israel/543/2008
108,Bird,A/avian/Israel/543/2008
109,Bird,A/avian/Israel/543/2008
110,Bird,A/avian/Israel/543/2008
111,Bar-Headed Goose,A/bar-headedgoose/Qinghai/11/2007
112,Bar-Headed Goose,A/bar-headedgoose/Qinghai/11/2007
113,Wild bird,A/bird feces/New York/186678-18/2008
114,Black-Necked Grebe,A/black nested grebe/Germany/R1393/07
115,Black-Necked Grebe,A/black nested grebe/Germany/R1393/07
116,Gull,A/black-legged kittiwake/Quebec/02838-1/2009
117,Gull,A/black-legged kittiwake/Quebec/02838-1/2009
118,Gull,A/black-legged kittiwake/Quebec/02838-1/2009
119,Gull,A/black-legged kittiwake/Quebec/02838-1/2009
120,Gull,A/black-legged kittiwake/Quebec/02838-1/2009
121,Gull,A/black-legged kittiwake/Quebec/02838-1/2009
122,Gull,A/black-legged kittiwake/Quebec/02838-1/2009
123,Gull,A/black-legged kittiwake/Quebec/02838-1/2009
124,Mallard,A/blue-winged Teal/North Dakota/AI09-3881/2009
125,Mallard,A/blue-winged Teal/North Dakota/AI09-3881/2009
126,Mallard,A/blue-winged Teal/North Dakota/AI09-3881/2009
127,Mallard,A/blue-winged Teal/North Dakota/AI09-3881/2009
128,Mallard,A/blue-winged Teal/North Dakota/AI09-3881/2009
129,Mallard,A/blue-winged Teal/North Dakota/AI09-3881/2009
130,Mallard,A/blue-winged Teal/North Dakota/AI09-3881/2009
131,Mallard,A/blue-winged Teal/North Dakota/AI09-3881/2009
132,Mallard,A/blue-winged Teal/North Dakota/AI09-4039/2009
133,Mallard,A/blue-winged Teal/North Dakota/AI09-4039/2009
134,Mallard,A/blue-winged Teal/North Dakota/AI09-4039/2009
135,Mallard,A/blue-winged Teal/North Dakota/AI09-4039/2009
136,Mallard,A/blue-winged Teal/North Dakota/AI09-4039/2009
137,Mallard,A/blue-winged Teal/North Dakota/AI09-4039/2009
138,Mallard,A/blue-winged Teal/North Dakota/AI09-4039/2009
139,Mallard,A/blue-winged Teal/North Dakota/AI09-4039/2009
140,Finch,A/brambling/Beijing/16/2012
141,Finch,A/brambling/Beijing/16/2012
142,Finch,A/brambling/Beijing/16/2012
143,Finch,A/brambling/Beijing/16/2012
144,Finch,A/brambling/Beijing/16/2012
145,Finch,A/brambling/Beijing/16/2012
146,Finch,A/brambling/Beijing/16/2012
147,Finch,A/brambling/Beijing/16/2012
148,Goose,A/brant/Alaska/44332-426/2007
149,Goose,A/brant/Alaska/44332-426/2007
150,Goose,A/brant/Alaska/44332-426/2007
151,Goose,A/brant/Alaska/44332-426/2007
152,Goose,A/brant/Alaska/44332-426/2007
153,Goose,A/brant/Alaska/44332-426/2007
154,Goose,A/brant/Alaska/44332-536/2007
155,Goose,A/brant/Alaska/44332-536/2007
156,Goose,A/brant/Alaska/44332-536/2007
157,Goose,A/brant/Alaska/44332-536/2007
158,Goose,A/brant/Alaska/44332-536/2007
159,Goose,A/brant/Alaska/44332-536/2007
160,Goose,A/brant/Alaska/44339-464/2007
161,Goose,A/brant/Alaska/44339-464/2007
162,Goose,A/brant/Alaska/44339-464/2007
163,Goose,A/brant/Alaska/44339-464/2007
164,Goose,A/brant/Alaska/44339-464/2007
165,Goose,A/brant/Alaska/44339-464/2007
166,Goose,A/brant/Alaska/44339-464/2007
167,Goose,A/brant/Alaska/44339-481/2007
168,Goose,A/brant/Alaska/44339-481/2007
169,Goose,A/brant/Alaska/44339-481/2007
170,Goose,A/brant/Alaska/44339-481/2007
171,Goose,A/brant/Alaska/44339-481/2007
172,Goose,A/brant/Alaska/44339-481/2007
173,Goose,A/brant/Alaska/44391-190/2008
174,Goose,A/brant/Alaska/44391-190/2008
175,Goose,A/brant/Alaska/44391-190/2008
176,Goose,A/brant/Alaska/44391-190/2008
177,Goose,A/brant/Alaska/44391-190/2008
178,Goose,A/brant/Alaska/44391-190/2008
179,Goose,A/brant/Alaska/44391-190/2008
180,Brown-Headed Gull,A/brown-head gull/Thailand/vsmu-4/2008
181,Brown-Headed Gull,A/brown-head gull/Thailand/vsmu-4/2008
182,Brown-Headed Gull,A/brown-head gull/Thailand/vsmu-4/2008
183,Brown-Headed Gull,A/brown-head gull/Thailand/vsmu-4/2008
184,Brown-Headed Gull,A/brown-head gull/Thailand/vsmu-4/2008
185,Brown-Headed Gull,A/brown-head gull/Thailand/vsmu-4/2008
186,Duck,A/bufflehead/California/8522/2008
187,Duck,A/bufflehead/California/8522/2008
188,Duck,A/bufflehead/California/8522/2008
189,Duck,A/bufflehead/California/8522/2008
190,Duck,A/bufflehead/California/8522/2008
191,Duck,A/bufflehead/California/8522/2008
192,Duck,A/bufflehead/California/8522/2008
193,Duck,A/bufflehead/California/8522/2008
194,Duck,A/chicken/Vietnam/OIE-0056/2012
195,Duck,A/chicken/Vietnam/OIE-0056/2012
196,Duck,A/chicken/Vietnam/OIE-0056/2012
197,Chukar,A/chukkar/Hong Kong/CSW948/2008
198,Chukar,A/chukkar/Hong Kong/CSW948/2008
199,Chukar,A/chukkar/Hong Kong/CSW948/2008
200,Chukar,A/chukkar/Hong Kong/CSW948/2008
201,Chukar,A/chukkar/Hong Kong/CSW948/2008
202,Chukar,A/chukkar/Hong Kong/CSW948/2008
203,Chukar,A/chukkar/Hong Kong/CSW948/2008
204,Kestrel,A/common Ketrel/Korea/Q197/2011
205,Kestrel,A/common Ketrel/Korea/Q197/2011
206,Kestrel,A/common Ketrel/Korea/Q197/2011
207,Kestrel,A/common Ketrel/Korea/Q197/2011
208,Kestrel,A/common Ketrel/Korea/Q197/2011
209,Kestrel,A/common Ketrel/Korea/Q197/2011
210,Whooper Swan,A/Cygnus cygnus/Krasnodar/329/07
211,Whooper Swan,A/Cygnus cygnus/Krasnodar/329/07
212,Whooper Swan,A/Cygnus cygnus/Krasnodar/329/07
213,Whooper Swan,A/Cygnus cygnus/Krasnodar/329/07
214,Whooper Swan,A/Cygnus cygnus/Krasnodar/329/07
215,Whooper Swan,A/Cygnus cygnus/Krasnodar/329/07
216,Whooper Swan,A/Cygnus cygnus/Krasnodar/329/07
217,Whooper Swan,A/Cygnus cygnus/Krasnodar/329/07
218,Mute Swan,A/Cygnus olor/Czech Republic/10732/07
219,Mute Swan,A/Cygnus olor/Czech Republic/10732/07
220,Mute Swan,A/cygnus olor/Czech Republic/10732/2007
221,Duck,A/domestic mallard/Korea/HP71/2007
222,Duck,A/domestic mallard/Korea/HP71/2007
223,Chicken,A/duck/Anhui/C313/2012
224,Chicken,A/duck/Anhui/C313/2012
225,Chicken,A/duck/Anhui/C313/2012
226,Chicken,A/duck/Anhui/C330/2012
227,Chicken,A/duck/Anhui/C330/2012
228,Chicken,A/duck/Anhui/C652/2012
229,Chicken,A/duck/Anhui/C652/2012
230,Mallard,A/duck/Chiba/1/2007
231,Mallard,A/duck/Chiba/1/2007
232,Mallard,A/duck/Chiba/1/2007
233,Mallard,A/duck/Chiba/1/2007
234,Mallard,A/duck/Chiba/1/2007
235,Mallard,A/duck/Chiba/1/2007
236,Mallard,A/duck/Chiba/1/2007
237,Mallard,A/duck/Chiba/1/2007
238,Chicken,A/Duck/Fujian/1753/2009
239,Chicken,A/Duck/Fujian/1753/2009
240,Chicken,A/Duck/Fujian/1753/2009
241,Mallard,A/duck/Fukui/160104/2012
242,Mallard,A/duck/Fukui/161101/2011
243,Chicken,A/duck/Guangxi/RX/2009
244,Mallard,A/duck/Gunma/11-610-118/2012
245,Mallard,A/duck/Gunma/466/2011
246,Waterfowl,A/duck/Hokkaido/7/2010
247,Waterfowl,A/duck/Hokkaido/101/2010
248,Waterfowl,A/duck/Hokkaido/14/2010
249,Waterfowl,A/duck/Hokkaido/3/2010
250,Waterfowl,A/duck/Hokkaido/4/2010
251,Waterfowl,A/duck/Hokkaido/45/2010
252,Waterfowl,A/duck/Hokkaido/47/2010
253,Waterfowl,A/duck/Hokkaido/5/2010
254,Waterfowl,A/duck/Hokkaido/50/2010
255,Waterfowl,A/duck/Hokkaido/6/2010
256,Mallard,A/duck/Hokkaido/W62/2011
257,Mallard,A/duck/Hokkaido/W63/2011
258,Waterfowl,A/duck/Hokkaido/W75/2009
259,Mallard,A/duck/Hokkaido/W90/2007
260,Mallard,A/duck/Hokkaido/W90/2007
261,Mallard,A/duck/Hokkaido/W90/2007
262,Mallard,A/duck/Hokkaido/W90/2007
263,Mallard,A/duck/Hokkaido/W90/2007
264,Mallard,A/duck/Hokkaido/W90/2007
265,Mallard,A/duck/Hokkaido/W90/2007
266,Mallard,A/duck/Hokkaido/W90/2007
267,Waterfowl,A/duck/Hokkaido/WZ21/2008
268,Mallard,A/duck/India/WB-NIV10736/2009
269,Mallard,A/duck/India/WB-NIV10736/2009
270,Mallard,A/duck/Iwate/301012/2012
271,Mallard,A/duck/Jiangsu/m234/2012
272,Mallard,A/duck/Jiangsu/m234/2012
273,Mallard,A/duck/Jiangsu/m234/2012
274,Mallard,A/duck/Jiangsu/m234/2012
275,Mallard,A/duck/Jiangsu/m234/2012
276,Mallard,A/duck/Jiangsu/m234/2012
277,Mallard,A/duck/Jiangsu/m234/2012
278,Mallard,A/duck/Jiangsu/m234/2012
279,Chicken,A/duck/Korea/IC360/2011
280,Chicken,A/duck/Korea/IC360/2011
281,Chicken,A/duck/Korea/IC360/2011
282,Chicken,A/duck/Korea/IC360/2011
283,Chicken,A/duck/Korea/IC360/2011
284,Chicken,A/duck/Korea/IC360/2011
285,Mallard,A/duck/Mongolia/128/2008
286,Mallard,A/duck/Mongolia/47/2012
287,Mallard,A/duck/Vietnam/G17-1/2011
288,Mallard,A/duck/Vietnam/G18-1/2011
289,Mallard,A/duck/Vietnam/LBM132/2012
290,Mallard,A/duck/Vietnam/LBM132/2012
291,Mallard,A/duck/Vietnam/LBM132/2012
292,Mallard,A/duck/Vietnam/LBM132/2012
293,Mallard,A/duck/Vietnam/LBM132/2012
294,Mallard,A/duck/Vietnam/LBM132/2012
295,Mallard,A/duck/Vietnam/LBM132/2012
296,Mallard,A/duck/Vietnam/LBM132/2012
297,Mallard,A/duck/Vietnam/LBM133/2012
298,Mallard,A/duck/Vietnam/LBM133/2012
299,Mallard,A/duck/Vietnam/LBM133/2012
300,Mallard,A/duck/Vietnam/LBM133/2012
301,Mallard,A/duck/Vietnam/LBM133/2012
302,Mallard,A/duck/Vietnam/LBM133/2012
303,Mallard,A/duck/Vietnam/LBM133/2012
304,Mallard,A/duck/Vietnam/LBM133/2012
305,Mallard,A/duck/Vietnam/LBM136/2012
306,Mallard,A/duck/Vietnam/LBM136/2012
307,Mallard,A/duck/Vietnam/LBM136/2012
308,Mallard,A/duck/Vietnam/LBM136/2012
309,Mallard,A/duck/Vietnam/LBM136/2012
310,Mallard,A/duck/Vietnam/LBM136/2012
311,Mallard,A/duck/Vietnam/LBM136/2012
312,Mallard,A/duck/Vietnam/LBM136/2012
313,Mallard,A/duck/Vietnam/LBM139/2012
314,Mallard,A/duck/Vietnam/LBM139/2012
315,Mallard,A/duck/Vietnam/LBM139/2012
316,Mallard,A/duck/Vietnam/LBM139/2012
317,Mallard,A/duck/Vietnam/LBM139/2012
318,Mallard,A/duck/Vietnam/LBM139/2012
319,Mallard,A/duck/Vietnam/LBM139/2012
320,Mallard,A/duck/Vietnam/LBM139/2012
321,Mallard,A/duck/Vietnam/LBM140/2012
322,Mallard,A/duck/Vietnam/LBM140/2012
323,Mallard,A/duck/Vietnam/LBM140/2012
324,Mallard,A/duck/Vietnam/LBM140/2012
325,Mallard,A/duck/Vietnam/LBM140/2012
326,Mallard,A/duck/Vietnam/LBM140/2012
327,Mallard,A/duck/Vietnam/LBM140/2012
328,Mallard,A/duck/Vietnam/LBM140/2012
329,Mallard,A/duck/Vietnam/LBM185/2012
330,Mallard,A/duck/Vietnam/LBM185/2012
331,Mallard,A/duck/Vietnam/LBM185/2012
332,Mallard,A/duck/Vietnam/LBM185/2012
333,Mallard,A/duck/Vietnam/LBM185/2012
334,Mallard,A/duck/Vietnam/LBM185/2012
335,Mallard,A/duck/Vietnam/LBM185/2012
336,Mallard,A/duck/Vietnam/LBM211/2012
337,Mallard,A/duck/Vietnam/LBM211/2012
338,Mallard,A/duck/Vietnam/LBM211/2012
339,Mallard,A/duck/Vietnam/LBM211/2012
340,Mallard,A/duck/Vietnam/LBM211/2012
341,Mallard,A/duck/Vietnam/LBM211/2012
342,Mallard,A/duck/Vietnam/LBM211/2012
343,Mallard,A/duck/Vietnam/LBM211/2012
344,Mallard,A/duck/Vietnam/LBM235/2012
345,Mallard,A/duck/Vietnam/LBM235/2012
346,Mallard,A/duck/Vietnam/LBM235/2012
347,Mallard,A/duck/Vietnam/LBM235/2012
348,Mallard,A/duck/Vietnam/LBM235/2012
349,Mallard,A/duck/Vietnam/LBM235/2012
350,Mallard,A/duck/Vietnam/LBM235/2012
351,Mallard,A/duck/Vietnam/LBM235/2012
352,Mallard,A/duck/Vietnam/LBM300/2012
353,Mallard,A/duck/Vietnam/LBM300/2012
354,Mallard,A/duck/Vietnam/LBM300/2012
355,Mallard,A/duck/Vietnam/LBM300/2012
356,Mallard,A/duck/Vietnam/LBM300/2012
357,Mallard,A/duck/Vietnam/LBM300/2012
358,Mallard,A/duck/Vietnam/LBM300/2012
359,Mallard,A/duck/Vietnam/LBM48/2011
360,Mallard,A/duck/Vietnam/LBM48/2011
361,Mallard,A/duck/Vietnam/LBM48/2011
362,Mallard,A/duck/Vietnam/LBM48/2011
363,Mallard,A/duck/Vietnam/LBM48/2011
364,Mallard,A/duck/Vietnam/LBM48/2011
365,Mallard,A/duck/Vietnam/LBM48/2011
366,Mallard,A/duck/Vietnam/LBM48/2011
367,Mallard,A/duck/Vietnam/LBM6/2011
368,Mallard,A/duck/Vietnam/LBM6/2011
369,Mallard,A/duck/Vietnam/LBM6/2011
370,Mallard,A/duck/Vietnam/LBM6/2011
371,Mallard,A/duck/Vietnam/LBM6/2011
372,Mallard,A/duck/Vietnam/LBM6/2011
373,Mallard,A/duck/Vietnam/LBM6/2011
374,Mallard,A/duck/Vietnam/LBM74-c1/2011
375,Mallard,A/duck/Vietnam/LBM74-c1/2011
376,Mallard,A/duck/Vietnam/LBM74-c1/2011
377,Mallard,A/duck/Vietnam/LBM74-c1/2011
378,Mallard,A/duck/Vietnam/LBM74-c1/2011
379,Mallard,A/duck/Vietnam/LBM74-c1/2011
380,Mallard,A/duck/Vietnam/LBM74-c1/2011
381,Mallard,A/duck/Vietnam/LBM74-c1/2011
382,Mallard,A/duck/Vietnam/LBM81/2012
383,Mallard,A/duck/Vietnam/LBM81/2012
384,Mallard,A/duck/Vietnam/LBM81/2012
385,Mallard,A/duck/Vietnam/LBM81/2012
386,Mallard,A/duck/Vietnam/LBM81/2012
387,Mallard,A/duck/Vietnam/LBM81/2012
388,Mallard,A/duck/Vietnam/LBM81/2012
389,Anas Platyrhynchos,A/duck/Vietnam/OIE-2530/2011
390,Chicken,A/duck/Zhejiang/B1995/2012
391,Chicken,A/duck/Zhejiang/B1995/2012
392,Chicken,A/duck/Zhejiang/B1995/2012
393,Ostrich,A/Egyptian goose/South Africa/AI1448/2007
394,Aquatic Bird,A/Eurasian Woodcock/Vietnam/8/2007
395,Aquatic Bird,A/Eurasian Woodcock/Vietnam/8/2007
396,Aquatic Bird,A/Eurasian Woodcock/Vietnam/8/2007
397,Aquatic Bird,A/Eurasian Woodcock/Vietnam/8/2007
398,Aquatic Bird,A/Eurasian Woodcock/Vietnam/8/2007
399,Aquatic Bird,A/Eurasian Woodcock/Vietnam/8/2007
400,Aquatic Bird,A/Eurasian Woodcock/Vietnam/8/2007
401,Aquatic Bird,A/Eurasian Woodcock/Vietnam/8/2007
402,Duck,A/greater scaup/Hokkaido/2/2011
403,Duck,A/greater scaup/Hokkaido/2/2011
404,Spot-Billed Duck,A/grey duck/Iwate/0303001/2012
405,Guineafowl,A/guinea fowl/Nebraska/17096-1/2011
406,Guineafowl,A/guinea fowl/Nebraska/17096/2011
407,Guineafowl,A/guinea fowl/Nebraska/17096/2011
408,Guineafowl,A/guinea fowl/Nebraska/17096/2011
409,Guineafowl,A/guinea fowl/Nebraska/17096/2011
410,Guineafowl,A/guinea fowl/Nebraska/17096/2011
411,Guineafowl,A/guinea fowl/Nebraska/17096/2011
412,Guineafowl,A/guinea fowl/Nebraska/17096/2011
413,Guineafowl,A/guinea fowl/Nigeria/08RS848-72/2007
414,Guineafowl,A/guinea fowl/Nigeria/08RS848-72/2007
415,Guineafowl,A/guinea fowl/Nigeria/08RS848-72/2007
416,Guineafowl,A/guinea fowl/Nigeria/08RS848-78/2007
417,Guineafowl,A/guinea fowl/Nigeria/08RS848-78/2007
418,Guineafowl,A/guinea fowl/Nigeria/08RS848-78/2007
419,Guineafowl,A/guinea fowl/Nigeria/08RS848-78/2007
420,Guineafowl,A/guinea fowl/North Okkalarpa/834/2007
421,Chicken,A/Hebei/218/2010
422,Duck,A/king eider/Alaska/44397-858/2008
423,Duck,A/king eider/Alaska/44397-858/2008
424,Duck,A/king eider/Alaska/44397-858/2008
425,Duck,A/king eider/Alaska/44397-858/2008
426,Duck,A/king eider/Alaska/44479-841/2009
427,Duck,A/king eider/Alaska/44479-841/2009
428,Duck,A/king eider/Alaska/44479-841/2009
429,Duck,A/king eider/Alaska/44479-841/2009
430,Lttle Grebe,A/little grebe/Hyogo/2801B015/2011
431,Lttle Grebe,A/little grebe/Hyogo/2801B015/2011
432,Lttle Grebe,A/little grebe/Hyogo/2801B015/2011
433,Lttle Grebe,A/little grebe/Hyogo/2801B015/2011
434,Duck,A/mallard/Czech Republic/15902-12K/2009
435,Duck,A/mallard/Czech Republic/15902-18K/2009
436,Duck,A/mallard/Czech Republic/15902-18K/2009
437,Duck,A/mallard/Czech Republic/15902-18K/2009
438,Duck,A/mallard/Czech Republic/15902-23K/2009
439,Duck,A/mallard/Czech Republic/15902-25K/2009
440,Duck,A/mallard/Czech Republic/15902-25K/2009
441,Duck,A/mallard/Czech Republic/15902-3K/2009
442,Duck,A/mallard/Czech Republic/15962-4T/2010
443,Duck,A/mallard/Czech Republic/15962-4T/2010
444,Duck,A/mallard/Czech Republic/15962-4T/2010
445,Duck,A/mallard/Czech Republic/15962-4T/2010
446,Mew Gull,A/mallard/Norway/10_1537/2009
447,Blue-Winged Teal,A/mallard/Ohio/12OS2351/2012
448,Blue-Winged Teal,A/mallard/Ohio/12OS2351/2012
449,Blue-Winged Teal,A/mallard/Ohio/12OS2351/2012
450,Blue-Winged Teal,A/mallard/Ohio/12OS2351/2012
451,Blue-Winged Teal,A/mallard/Ohio/12OS2351/2012
452,Blue-Winged Teal,A/mallard/Ohio/12OS2351/2012
453,Blue-Winged Teal,A/mallard/Ohio/12OS2351/2012
454,Blue-Winged Teal,A/mallard/Ohio/12OS2351/2012
455,Blue-Winged Teal,A/mallard/Ohio/12OS4697/2012
456,Blue-Winged Teal,A/mallard/Ohio/12OS4697/2012
457,Blue-Winged Teal,A/mallard/Ohio/12OS4697/2012
458,Blue-Winged Teal,A/mallard/Ohio/12OS4697/2012
459,Blue-Winged Teal,A/mallard/Ohio/12OS4697/2012
460,Blue-Winged Teal,A/mallard/Ohio/12OS4697/2012
461,Blue-Winged Teal,A/mallard/Ohio/12OS4697/2012
462,Blue-Winged Teal,A/mallard/Ohio/12OS4697/2012
463,Plover,A/northern lapwing/Mongolia/2-66/2007
464,Plover,A/northern lapwing/Mongolia/2-66/2007
465,Mallard,A/northern pintail/Illinois/11OS4764/2011
466,Mallard,A/northern pintail/Illinois/11OS4764/2011
467,Mallard,A/northern pintail/Illinois/11OS4764/2011
468,Mallard,A/northern pintail/Illinois/11OS4764/2011
469,Mallard,A/northern pintail/Illinois/11OS4764/2011
470,Mallard,A/northern pintail/Illinois/11OS4764/2011
471,Mallard,A/northern pintail/Illinois/11OS4764/2011
472,Mallard,A/northern pintail/Illinois/11OS4764/2011
473,Mallard,A/northern pintail/Illinois/11OS4764/2011
474,Mallard,A/northern pintail/Interior Alaska/7MP0509/2007
475,Mallard,A/northern pintail/Interior Alaska/7MP0509/2007
476,Mallard,A/northern pintail/Interior Alaska/7MP0509/2007
477,Mallard,A/northern pintail/Interior Alaska/7MP0509/2007
478,Mallard,A/northern pintail/Interior Alaska/7MP0509/2007
479,Mallard,A/northern pintail/Interior Alaska/7MP0509/2007
480,Mallard,A/northern pintail/Interior Alaska/7MP0509/2007
481,Mallard,A/northern pintail/Interior Alaska/7MP0509/2007
482,Northern Shoveler,A/northern shoverl/Mississippi/11OS145/2011
483,Northern Shoveler,A/northern shoverl/Mississippi/11OS145/2011
484,Northern Shoveler,A/northern shoverl/Mississippi/11OS145/2011
485,Northern Shoveler,A/northern shoverl/Mississippi/11OS145/2011
486,Northern Shoveler,A/northern shoverl/Mississippi/11OS145/2011
487,Northern Shoveler,A/northern shoverl/Mississippi/11OS145/2011
488,Northern Shoveler,A/northern shoverl/Mississippi/11OS145/2011
489,Northern Shoveler,A/northern shoverl/Mississippi/11OS145/2011
490,Dove,A/Rock Pigeon/Vietnam/6/2009
491,Dove,A/Rock Pigeon/Vietnam/6/2009
492,Dove,A/Rock Pigeon/Vietnam/6/2009
493,Dove,A/Rock Pigeon/Vietnam/6/2009
494,Dove,A/Rock Pigeon/Vietnam/6/2009
495,Dove,A/Rock Pigeon/Vietnam/6/2009
496,Dove,A/Rock Pigeon/Vietnam/6/2009
497,Dove,A/Rock Pigeon/Vietnam/6/2009
498,Silky Chicken,A/silkie chicken/Hong Kong/FY49W/2007
499,Silky Chicken,A/silkie chicken/Hong Kong/FY49W/2007
500,Silky Chicken,A/silkie chicken/Hong Kong/FY49W/2007
501,Silky Chicken,A/silkie chicken/Hong Kong/FY49W/2007
502,Silky Chicken,A/silkie chicken/Hong Kong/FY49W/2007
503,Silky Chicken,A/silkie chicken/Hong Kong/FY49W/2007
504,Silky Chicken,A/silkie chicken/Hong Kong/FY49W/2007
505,Silky Chicken,A/silkie chicken/Hong Kong/HH137/2008
506,Silky Chicken,A/silkie chicken/Hong Kong/HH137/2008
507,Silky Chicken,A/silkie chicken/Hong Kong/HH137/2008
508,Silky Chicken,A/silkie chicken/Hong Kong/HH137/2008
509,Silky Chicken,A/silkie chicken/Hong Kong/HH137/2008
510,Silky Chicken,A/silkie chicken/Hong Kong/HH137/2008
511,Silky Chicken,A/silkie chicken/Hong Kong/HH137/2008
512,Silky Chicken,A/silkie chicken/Hong Kong/NT382/2007
513,Silky Chicken,A/silkie chicken/Hong Kong/NT382/2007
514,Silky Chicken,A/silkie chicken/Hong Kong/NT382/2007
515,Silky Chicken,A/silkie chicken/Hong Kong/NT382/2007
516,Silky Chicken,A/silkie chicken/Hong Kong/NT382/2007
517,Silky Chicken,A/silkie chicken/Hong Kong/NT382/2007
518,Silky Chicken,A/silkie chicken/Hong Kong/NT382/2007
519,Silky Chicken,A/silkie chicken/Hong Kong/NT382/2007
520,Silky Chicken,A/silkie chicken/Hong Kong/YU335/2007
521,Silky Chicken,A/silkie chicken/Hong Kong/YU335/2007
522,Silky Chicken,A/silkie chicken/Hong Kong/YU335/2007
523,Silky Chicken,A/silkie chicken/Hong Kong/YU335/2007
524,Silky Chicken,A/silkie chicken/Hong Kong/YU335/2007
525,Silky Chicken,A/silkie chicken/Hong Kong/YU335/2007
526,Silky Chicken,A/silkie chicken/Hong Kong/YU335/2007
527,Silky Chicken,A/silkie chicken/Hong Kong/YU595W/2011
528,Silky Chicken,A/silkie chicken/Hong Kong/YU595W/2011
529,Silky Chicken,A/silkie chicken/Hong Kong/YU595W/2011
530,Silky Chicken,A/silkie chicken/Hong Kong/YU595W/2011
531,Silky Chicken,A/silkie chicken/Hong Kong/YU595W/2011
532,Silky Chicken,A/silkie chicken/Hong Kong/YU595W/2011
533,Silky Chicken,A/silkie chicken/Hong Kong/YU595W/2011
534,Silky Chicken,A/silkie chicken/Hong Kong/YU595W/2011
535,Shelduck,A/Tadorna tadorna/Belgium/3441-P3/2009
536,Shelduck,A/Tadorna tadorna/Belgium/3441-P3/2009
537,Shelduck,A/Tadorna tadorna/Belgium/3441-P3/2009
538,Shelduck,A/Tadorna tadorna/Belgium/3441-P3/2009
539,Shelduck,A/Tadorna tadorna/Belgium/3441-P3/2009
540,Shelduck,A/Tadorna tadorna/Belgium/3441-P3/2009
541,Shelduck,A/Tadorna tadorna/Belgium/3441-P3/2009
542,Shelduck,A/Tadorna tadorna/Belgium/3441-P3/2009
543,Waterfowl,A/water fowl/Nigeria/08RS848-66/2007
544,Waterfowl,A/water fowl/Nigeria/08RS848-66/2007
545,White-Rumped Munia,A/white-backed munia/Hong Kong/4519/2009
546,White-Rumped Munia,A/white-backed munia/Hong Kong/4519/2009
547,White-Rumped Munia,A/white-backed munia/Hong Kong/828/2007
548,White-Rumped Munia,A/white-backed munia/Hong Kong/828/2007
549,Kelp Gull,A/wild bird/Chile/1805/2008
550,Kelp Gull,A/wild bird/Chile/1805/2008
551,Kelp Gull,A/wild bird/Chile/1805/2008
552,Kelp Gull,A/wild bird/Chile/1805/2008
553,Kelp Gull,A/wild bird/Chile/1805/2008
554,Kelp Gull,A/wild bird/Chile/1805/2008
555,Kelp Gull,A/wild bird/Chile/1805/2008
556,Kelp Gull,A/wild bird/Chile/1805/2008
557,Sandpiper,A/willet/Peru-CH49/2010
558,Parrot,A/yellow-headed Amazon/California/500658/2007
559,Parrot,A/yellow-headed Amazon/California/500658/2007
560,Parrot,A/yellow-headed Amazon/California/500658/2007
561,Parrot,A/yellow-headed Amazon/California/500658/2007
562,Parrot,A/yellow-headed Amazon/California/500658/2007
563,Parrot,A/yellow-headed Amazon/California/500658/2007
564,Parrot,A/yellow-headed Amazon/California/500658/2007
565,Parrot,A/yellow-headed Amazon/California/500658/2007
